{"cameraMode":{"drawMode":0,"name":"Shaded","section":"Shading Mode"},"sceneLighting":false,"audioPlay":false,"sceneViewState":{"m_AlwaysRefresh":false,"showFog":true,"showSkybox":false,"showFlares":true,"showImageEffects":true,"showParticleSystems":true,"showVisualEffectGraphs":true,"m_FxEnabled":true},"in2DMode":false,"pivot":{"x":1.4901161193847657e-7,"y":0.5447206497192383,"z":-0.20599603652954102},"rotation":{"x":0.05651698261499405,"y":0.07092318683862686,"z":0.004025018308311701,"w":-0.9958724975585938},"size":2.634161949157715,"orthographic":false}